{
  "alaska_dir": "ALASKA_v2_JPG_512_QF95_COLOR",
  "img_size": 512,
  "n_cover_images": 20000,
  "features": 218,
  "train_images": 28000,
  "val_images": 6000,
  "test_images": 6000,
  "seconds": 4262.93,
  "metrics": {
    "SVM": {
      "accuracy": 0.9983333333333333,
      "precision": 0.9966777408637874,
      "recall": 1.0,
      "f1": 0.9983361064891847,
      "auc_roc": 0.9994673333333334,
      "threshold": 0.5,
      "confusion_matrix": [
        [
          2990,
          10
        ],
        [
          0,
          3000
        ]
      ]
    },
    "RandomForest": {
      "accuracy": 0.9983333333333333,
      "precision": 0.9980013324450366,
      "recall": 0.9986666666666667,
      "f1": 0.9983338887037654,
      "auc_roc": 0.9998665555555555,
      "threshold": 0.7535469225610071,
      "confusion_matrix": [
        [
          2994,
          6
        ],
        [
          4,
          2996
        ]
      ]
    }
  }
}